,district_name,district_code,league,municipality,county,dart,dart2,.IGNORE
1,Abby Kelley Foster Charter Public (District),4450000,Colonial Athletic,Worcester,Worcester,1,,#N/A
2,Abington,0010000,South Shore,Abington,Plymouth,2,7,
3,Academy Of the Pacific Rim Charter Public (District),4120000,Independent - District B,Hyde Park,Suffolk,3,,
4,Acton-Boxborough,6000000,Dual County,Acton,Middlesex,4,13,
5,Acushnet,0030000,NA,Acushnet,Bristol,5,,
6,Adams-Cheshire,6030000,NA,Cheshire,Berkshire,,,
7,Advanced Math and Science Academy Charter (District),4300000,Colonial Athletic,Marlborough,Middlesex,6,,
8,Agawam,0050000,Pioneer Valley,Feeding Hills,Hampden,7,19,
9,Alma del Mar Charter School (District),4090000,NA,New Bedford,Bristol,8,,
10,Amesbury,0070000,Cape Ann,Amesbury,Essex,9,,
11,Amherst,0080000,Pioneer Valley,Amherst,Hampshire,10,,
12,Amherst-Pelham,6050000,Pioneer Valley,Amherst,Hampshire,9,11,
13,Andover,0090000,Merrimack Valley,Andover,Essex,12,13,
14,Argosy Collegiate Charter School (District),35090000,NA,Fall River,Bristol,3,,
15,Arlington,0100000,Middlesex,Arlington,Middlesex,4,13,
16,Ashburnham-Westminster,6100000,NA,Ashburnham,Worcester,14,,
17,Ashland,0140000,Tri-Valley,Ashland,Middlesex,15,,
18,Assabet Valley Regional Vocational Technical,8010000,Colonial Athletic,Marlborough,Middlesex,16,,
19,Athol-Royalston,6150000,Pioneer Valley,Athol,Worcester,17,,
20,Atlantis Charter (District),4910000,Independent - District D,Fall River,Bristol,1,18,
21,Attleboro,0160000,Hockomock,Attleboro,Bristol,7,19,
22,Auburn,0170000,South Worcester,Auburn,Worcester,20,,
23,Avon,0180000,Mayflower,Avon,Norfolk,21,,
24,Ayer Shirley School District,6160000,Midland Wachusett,Ayer,Middlesex,9,11,
25,Barnstable,0200000,Old Colony,Hyannis,Barnstable,,,
26,Barnstable Community Horace Mann Charter Public (District),4270000,NA,Hyannis,Barnstable,,,
27,Baystate Academy Charter Public School (District),35020000,Pioneer Valley,Springfield,Hampden,3,,
28,Bedford,0230000,Dual County,Bedford,Middlesex,15,,
29,Belchertown,0240000,Pioneer Valley,Belchertown,Hampshire,14,,
30,Bellingham,0250000,Tri-Valley,Bellingham,Norfolk,9,,
31,Belmont,0260000,Middlesex,Belmont,Middlesex,4,13,
32,Benjamin Banneker Charter Public (District),4200000,NA,Cambridge,Middlesex,,,
33,Benjamin Franklin Classical Charter Public (District),4470000,NA,Franklin,Norfolk,,,
34,Bentley Academy Charter School (District),35110000,NA,Salem,Essex,,,
35,Berkley,0270000,South Coast,Berkley,Bristol,5,,
36,Berkshire Arts and Technology Charter Public (District),4140000,NA,Adams,Berkshire,3,,
37,Berkshire Hills,6180000,NA,Stockbridge,Berkshire,21,,
38,Berlin,0280000,NA,Boylston,Worcester,,,
39,Berlin-Boylston,6200000,NA,Boylston,Worcester,,,
40,Beverly,0300000,Northeastern,Beverly,Essex,,,
41,Billerica,0310000,Merrimack Valley,Billerica,Middlesex,14,,
42,Blackstone Valley Regional Vocational Technical,8050000,Colonial Athletic,Upton,Worcester,,,
43,Blackstone-Millville,6220000,Dual Valley,Blackstone,Worcester,,,
44,Blue Hills Regional Vocational Technical,8060000,Mayflower,Canton,Norfolk,16,,
45,Boston,0350000,Catholic Conference (B),Roxbury,Suffolk,,,
46,Boston Collegiate Charter (District),4490000,NA,Dorchester,Suffolk,18,,
47,Boston Day and Evening Academy Charter (District),4240000,NA,Roxbury,Suffolk,,,
48,Boston Green Academy Horace Mann Charter School (District),4110000,NA,Brighton,Suffolk,3,,
49,Boston Preparatory Charter Public (District),4160000,NA,Hyde Park,Suffolk,3,,
50,Boston Renaissance Charter Public (District),4810000,NA,Hyde Park,Suffolk,,,
51,Bourne,0360000,South Coast,Bourne,Barnstable,,,
52,Boxford,0380000,NA,Boxford,Essex,10,,
53,Boylston,0390000,NA,Boylston,Worcester,,,
54,Braintree,0400000,Bay State,Braintree,Norfolk,,,
55,Brewster,0410000,NA,Orleans,Barnstable,10,,
56,Bridge Boston Charter School (District),4170000,NA,Roxbury,Suffolk,8,,
57,Bridgewater-Raynham,6250000,Old Colony,Bridgewater,Plymouth,,,
58,Brimfield,0430000,NA,Fiskdale,Worcester,,,
59,Bristol County Agricultural,9100000,Mayflower,Dighton,Bristol,,,
60,Bristol-Plymouth Regional Vocational Technical,8100000,Mayflower,Taunton,Bristol,,,
61,Brockton,0440000,Big Three,Brockton,Plymouth,,,
62,Brooke Charter School (District),4280000,NA,Roslindale,Suffolk,1,18,
63,Brooke Charter School East Boston (District),4570000,NA,East Boston,Suffolk,,,
64,Brooke Charter School Mattapan (District),4430000,NA,Mattapan,Suffolk,,,
65,Brooke Charter School Roslindale (District),4280000,NA,Roslindale,Suffolk,,,
66,Brookfield,0450000,NA,Fiskdale,Worcester,,,
67,Brookline,0460000,Bay State,Brookline,Norfolk,4,13,
68,Burlington,0480000,Middlesex,Burlington,Middlesex,15,,
69,Cambridge,0490000,NA,Cambridge,Middlesex,19,,
70,Canton,0500000,Hockomock,Canton,Norfolk,20,,
71,Cape Cod Lighthouse Charter (District),4320000,NA,East Harwich,Barnstable,,,
72,Cape Cod Regional Vocational Technical,8150000,Mayflower,Harwich,Barnstable,16,,
73,Carlisle,0510000,NA,Carlisle,Middlesex,,,
74,Carver,0520000,South Shore,Carver,Plymouth,14,,
75,Central Berkshire,6350000,NA,Dalton,Berkshire,,,
76,Chelmsford,0560000,Merrimack Valley,Chelmsford,Middlesex,13,,
77,Chelsea,0570000,Commonwealth,Chelsea,Suffolk,,,
78,Chesterfield-Goshen,6320000,NA,Chesterfield,Hampshire,,,
79,Chicopee,0610000,Pioneer Valley,Chicopee,Hampden,,,
80,Christa McAuliffe Charter Public (District),4180000,NA,Framingham,Middlesex,,,
81,City on a Hill Charter Public School (District),4370000,NA,Roxbury,Suffolk,,,
82,City on a Hill Charter Public School Circuit Street (District),4370000,NA,Roxbury,Suffolk,,,
83,City on a Hill Charter Public School Dudley Square (District),35040000,NA,Roxbury,Suffolk,,,
84,City on a Hill Charter Public School New Bedford (District),35070000,NA,New Bedford,Bristol,,,
85,Clarksburg,0630000,NA,Clarksburg,Berkshire,,,
86,Clinton,0640000,Midland Wachusett,Clinton,Worcester,,,
87,Codman Academy Charter Public (District),4380000,NA,Dorchester,Suffolk,3,,
88,Cohasset,0650000,South Shore,Cohasset,Norfolk,,,
89,Collegiate Charter School of Lowell (District),35030000,NA,Lowell,Middlesex,1,18,
90,Community Charter School of Cambridge (District),4360000,NA,Cambridge,Middlesex,18,,
91,Community Day Charter Public School - Gateway (District),4260000,NA,Lawrence,Essex,8,,
92,Community Day Charter Public School - Prospect (District),4400000,NA,Lawrence,Essex,8,,
93,Community Day Charter Public School - R. Kingman Webster (District),4310000,NA,Lawrence,Essex,8,,
94,Concord,0670000,Dual County,Concord,Middlesex,5,,
95,Concord-Carlisle,6400000,Dual County,Concord,Middlesex,,,
96,Conservatory Lab Charter (District),4390000,NA,Dorchester,Suffolk,8,,
97,Conway,0680000,NA,South Deerfield,Franklin,,,
98,Danvers,0710000,Northeastern,Danvers,Essex,14,,
99,Dartmouth,0720000,Old Colony,Dartmouth,Bristol,,,
100,Dedham,0730000,Tri-Valley,Dedham,Norfolk,9,,
101,Deerfield,0740000,NA,South Deerfield,Franklin,,,
102,Dennis-Yarmouth,6450000,Atlantic Coast,South Yarmouth,Barnstable,,,
103,Dighton-Rehoboth,6500000,South Coast,North Dighton,Bristol,,,
104,Dorchester Collegiate Academy Charter (District),4750000,NA,Dorchester,Suffolk,,,
105,Douglas,0770000,Dual Valley,Douglas,Worcester,14,,
106,Dover,0780000,Tri-Valley,Dover,Norfolk,,,
107,Dover-Sherborn,6550000,Tri-Valley,Dover,Norfolk,,,
108,Dracut,0790000,Merrimack Valley,Dracut,Middlesex,,,
109,Dudley Street Neighborhood Charter School (District),4070000,NA,Boston,Suffolk,,,
110,Dudley-Charlton Reg,6580000,NA,Dudley,Worcester,7,20,
111,Duxbury,0820000,Patriot,Duxbury,Plymouth,,,
112,East Bridgewater,0830000,South Shore,East Bridgewater,Plymouth,,,
113,East Longmeadow,0870000,Pioneer Valley,East Longmeadow,Hampden,14,,
114,Eastham,0850000,NA,Orleans,Barnstable,,,
115,Easthampton,0860000,Pioneer Valley,Easthampton,Hampshire,21,,
116,Easton,0880000,NA,North Easton,Bristol,14,,
117,Edgartown,0890000,NA,Vineyard Haven,Dukes,,,
118,Edward M. Kennedy Academy for Health Careers (Horace Mann Charter) (District),4520000,NA,Boston,Suffolk,,,
119,Erving,0910000,NA,Erving,Franklin,,,
120,Essex North Shore Agricultural and Technical School District,8170000,Commonwealth,Hathorne,Essex,,,
121,Everett,0930000,Northeastern,Everett,Middlesex,,,
122,Excel Academy Charter (District),4100000,Boston City North,East Boston,Suffolk,1,18,
123,Fairhaven,0940000,South Coast,Fairhaven,Bristol,,,
124,Fall River,0950000,NA,Fall River,Bristol,,,
125,Falmouth,0960000,Atlantic Coast,East Falmouth,Barnstable,7,,
126,Farmington River Reg,6620000,NA,Otis,Berkshire,,,
127,Fitchburg,0970000,Midland Wachusett,Fitchburg,Worcester,,,
128,Florida,0980000,NA,Florida,Berkshire,,,
129,Four Rivers Charter Public (District),4130000,NA,Greenfield,Franklin,,,
130,Foxborough,0990000,Hockomock,Foxborough,Norfolk,14,,
131,Foxborough Regional Charter (District),4460000,NA,Foxborough,Norfolk,18,,
132,Framingham,1000000,Bay State,Framingham,Middlesex,1,,
133,Francis W. Parker Charter Essential (District),4780000,NA,Devens,Middlesex,6,,
134,Franklin,1010000,Hockomock,Franklin,Norfolk,,,
135,Franklin County Regional Vocational Technical,8180000,NA,Turners Falls,Franklin,,,
136,Freetown-Lakeville,6650000,NA,Lakeville,Plymouth,,,
137,Frontier,6700000,Pioneer Valley,South Deerfield,Franklin,6,,
138,Gardner,1030000,Midland Wachusett,Gardner,Worcester,17,,
139,Gateway,6720000,Pioneer Valley,Huntington,Hampshire,21,,
140,Georgetown,1050000,Cape Ann,Georgetown,Essex,,,
141,Gill-Montague,6740000,NA,Turners Falls,Franklin,17,,
142,Global Learning Charter Public (District),4960000,NA,New Bedford,Bristol,1,18,
143,Gloucester,1070000,Northeastern,Gloucester,Essex,,,
144,Gosnold,1090000,NA,East Falmouth,Barnstable,,,
145,Grafton,1100000,South Worcester,Grafton,Worcester,14,,
146,Granby,1110000,Pioneer Valley,Granby,Hampshire,11,21,
147,Greenfield Commonwealth Virtual District,39010000,NA,Greenfield,Franklin,3,,
148,Greater Fall River Regional Vocational Technical,8210000,NA,Fall River,Bristol,,,
149,Greater Lawrence Regional Vocational Technical,8230000,Commonwealth,Andover,Essex,16,,
150,Greater Lowell Regional Vocational Technical,8280000,Commonwealth,Tyngsborough,Middlesex,16,,
151,Greater New Bedford Regional Vocational Technical,8250000,South Coast,New Bedford,Bristol,,,
152,Greenfield,1140000,Pioneer Valley,Greenfield,Franklin,17,,
153,Greenfield Commonwealth Virtual District,39010000,Pioneer Valley,Greenfield,Franklin,3,,
154,Groton-Dunstable,6730000,Midland Wachusett,Groton,Middlesex,,,
155,Hadley,1170000,NA,Hadley,Hampshire,20,,
156,Halifax,1180000,NA,Kingston,Plymouth,,,
157,Hamilton-Wenham,6750000,Cape Ann,Wenham,Essex,,,
158,Hampden Charter School of Science (District),4990000,Pioneer Valley,Chicopee,Hampden,,,
159,Hampden Charter School of Science East (District),4990000,Pioneer Valley,Chicopee,Hampden,1,18,
160,Hampden Charter School of Science West (District),35160000,Pioneer Valley,West Springfield,Hampden,3,18,
161,Hampden-Wilbraham,6800000,NA,Wilbraham,Hampden,20,,
162,Hampshire,6830000,Pioneer Valley,Westhampton,Hampshire,6,,
163,Hancock,1210000,NA,Richmond,Berkshire,,,
164,Hanover,1220000,Patriot,Hanover,Plymouth,,,
165,Harvard,1250000,NA,Harvard,Worcester,,,
166,Hatfield,1270000,NA,Hatfield,Hampshire,,,
167,Haverhill,1280000,Merrimack Valley,Haverhill,Essex,,,
168,Hawlemont,6850000,NA,Shelburne Falls,Franklin,,,
169,Helen Y. Davis Leadership Academy Charter Public (District),4190000,NA,Boston,Suffolk,,,
170,Hill View Montessori Charter Public (District),4550000,NA,Haverhill,Essex,,,
171,Hilltown Cooperative Charter Public (District),4500000,NA,Easthampton,Hampshire,,,
172,Hingham,1310000,Patriot,Hingham,Plymouth,,,
173,Holbrook,1330000,Mayflower,Holbrook,Norfolk,11,21,
174,Holland,1350000,NA,Fiskdale,Worcester,,,
175,Holliston,1360000,Tri-Valley,Holliston,Middlesex,,,
176,Holyoke,1370000,Pioneer Valley,Holyoke,Hampden,,,
177,Holyoke Community Charter (District),4530000,Pioneer Valley,Holyoke,Hampden,8,,
178,Hoosac Valley Regional,6030000,Berkshire County,Cheshire,Berkshire,17,,
179,Hopedale,1380000,Dual Valley,Hopedale,Worcester,,,
180,Hopkinton,1390000,Tri-Valley,Hopkinton,Middlesex,4,13,
181,Hudson,1410000,Midland Wachusett,Hudson,Middlesex,2,,
182,Hull,1420000,South Shore,Hull,Plymouth,,,
183,Innovation Academy Charter (District),4350000,Independent - District A,Tyngsborough,Middlesex,6,,
184,Ipswich,1440000,Cape Ann,Ipswich,Essex,,,
185,King Philip,6900000,Hockomock,Norfolk,Norfolk,,,
186,Kingston,1450000,Patriot,Kingston,Plymouth,10,,
187,KIPP Academy Boston Charter School (District),4630000,NA,Mattapan,Suffolk,8,,
188,KIPP Academy Lynn Charter (District),4290000,Independent - District A,Lynn,Essex,1,18,
189,Lanesborough,1480000,NA,Lanesborough,Berkshire,,,
190,Lawrence,1490000,Merrimack Valley,Lawrence,Essex,,,
191,Lawrence Family Development Charter (District),4540000,NA,Lawrence,Essex,8,,
192,Learning First Charter Public School (District),4860000,NA,Worcester,Worcester,8,,
193,Lee,1500000,Berkshire County,Lee,Berkshire,21,,
194,Leicester,1510000,South Worcester,Leicester,Worcester,,,
195,Lenox,1520000,Berkshire County,Lenox,Berkshire,20,,
196,Leominster,1530000,Midland Wachusett,Leominster,Worcester,,,
197,Leverett,1540000,NA,Erving,Franklin,,,
198,Lexington,1550000,Middlesex,Lexington,Middlesex,4,13,
199,Libertas Academy Charter School (District),35140000,NA,Springfield,Hampden,,,
200,Lincoln,1570000,NA,Lincoln,Middlesex,5,,
201,Lincoln-Sudbury,6950000,Dual County,Sudbury,Middlesex,,,
202,Littleton,1580000,Midland Wachusett,Littleton,Middlesex,,,
203,Longmeadow,1590000,Pioneer Valley,Longmeadow,Hampden,,,
204,Lowell,1600000,Catholic Central,Lowell,Middlesex,,,
205,Lowell Collegiate Charter School (District),35030000,NA,Lowell,Middlesex,,,
206,Lowell Community Charter Public (District),4560000,NA,Lowell,Middlesex,8,,
207,Lowell Middlesex Academy Charter (District),4580000,NA,Lowell,Middlesex,,,
208,Ludlow,1610000,Pioneer Valley,Ludlow,Hampden,1,7,
209,Lunenburg,1620000,Midland Wachusett,Lunenburg,Worcester,,,
210,Lynn,1630000,NA,Lynn,Essex,,,
211,Lynnfield,1640000,Cape Ann,Lynnfield,Essex,,,
212,Ma Academy for Math and Science,4680000,NA,Worcester,Worcester,,,
213,Malden,1650000,Northeastern,Malden,Middlesex,,,
214,Manchester Essex Regional,6980000,Cape Ann,Manchester,Essex,,,
215,Mansfield,1670000,Hockomock,Mansfield,Bristol,,,
216,Map Academy Charter School (District),35170000,NA,Plymouth,Plymouth,,,
217,Marblehead,1680000,Northeastern,Marblehead,Essex,12,,
218,Marblehead Community Charter Public (District),4640000,NA,Marblehead,Essex,,,
219,Marion,1690000,NA,Mattapoisett,Plymouth,,,
220,Marlborough,1700000,Midland Wachusett,Marlborough,Middlesex,,,
221,Marshfield,1710000,Atlantic Coast,Marshfield,Plymouth,,,
222,Martha's Vineyard,7000000,Cape and Islands,Vineyard Haven,Dukes,,,
223,Martha's Vineyard Charter (District),4660000,Eastern Athletic,West Tisbury,Dukes,3,,
224,Martin Luther King Jr. Charter School of Excellence (District),4920000,NA,Springfield,Hampden,,,
225,Masconomet,7050000,Cape Ann,Boxford,Essex,,,
226,Mashpee,1720000,South Shore,Mashpee,Barnstable,2,,
227,Greater Commonwealth Virtual District,39010000,NA,Greenfield,Franklin,,,
228,MATCH Charter Public School (District),4690000,NA,Boston,Suffolk,3,,
229,Mattapoisett,1730000,South Coast,Mattapoisett,Plymouth,10,,
230,Maynard,1740000,Midland Wachusett,Maynard,Middlesex,,,
231,Medfield,1750000,Tri-Valley,Medfield,Norfolk,,,
232,Medford,1760000,Northeastern,Medford,Middlesex,,,
233,Medway,1770000,Tri-Valley,Medway,Norfolk,,,
234,Melrose,1780000,Middlesex,Melrose,Middlesex,15,,
235,Mendon-Upton,7100000,NA,Mendon,Worcester,,,
236,Methuen,1810000,Merrimack Valley,Methuen,Essex,,,
237,Middleborough,1820000,NA,Middleborough,Plymouth,,,
238,Middleton,1840000,NA,Boxford,Essex,10,,
239,Milford,1850000,Hockomock,Milford,Worcester,,,
240,Millbury,1860000,South Worcester,Millbury,Worcester,11,,
241,Millis,1870000,Tri-Valley,Millis,Norfolk,,,
242,Milton,1890000,Bay State,Milton,Norfolk,,,
243,Minuteman Regional Vocational Technical,8300000,Commonwealth,Lexington,Middlesex,,,
244,Mohawk Trail,7170000,Pioneer Valley,Shelburne Falls,Franklin,21,,
245,Monomoy Regional School District,7120000,Cape and Islands,Chatham,Barnstable,2,,
246,Monson,1910000,Pioneer Valley,Monson,Hampden,,,
247,Montachusett Regional Vocational Technical,8320000,Colonial Athletic,Fitchburg,Worcester,,,
248,Mount Greylock,7150000,Berkshire County,Williamstown,Berkshire,,,
249,Mystic Valley Regional Charter (District),4700000,Commonwealth,Malden,Middlesex,1,6,
250,Nahant,1960000,NA,Nahant,Essex,,,
251,Nantucket,1970000,Cape and Islands,Nantucket,Nantucket,2,,
252,Narragansett,7200000,Midland Wachusett,Baldwinville,Worcester,,,
253,Nashoba,7250000,Midland Wachusett,Bolton,Worcester,,,
254,Nashoba Valley Regional Vocational Technical,8520000,Commonwealth,Westford,Middlesex,,,
255,Natick,1980000,Bay State,Natick,Middlesex,4,13,
256,Nauset,6600000,Atlantic Coast,Orleans,Barnstable,,,
257,Needham,1990000,Bay State,Needham,Norfolk,12,13,
258,Neighborhood House Charter (District),4440000,NA,Dorchester,Suffolk,3,,
259,New Bedford,2010000,Big Three,New Bedford,Bristol,,,
260,New Heights Charter School of Brockton (District),35130000,NA,Brockton,Plymouth,1,18,
261,New Liberty Charter School of Salem (District),4670000,NA,Salem,Essex,,,
262,New Salem-Wendell,7280000,NA,Erving,Franklin,,,
263,Newburyport,2040000,Cape Ann,Newburyport,Essex,14,,
264,Newton,2070000,Dual County,Newtonville,Middlesex,4,12,
265,Norfolk,2080000,NA,Norfolk,Norfolk,10,,
266,Norfolk County Agricultural,9150000,Mayflower,Walpole,Norfolk,,,
267,North Adams,2090000,NA,North Adams,Berkshire,17,,
268,North Andover,2110000,Merrimack Valley,North Andover,Essex,,,
269,North Attleborough,2120000,Hockomock,North Attleborough,Bristol,,,
270,North Brookfield,2150000,Worcester County Athletic Conf,North Brookfield,Worcester,21,,
271,North Middlesex,7350000,Midland Wachusett,Townsend,Middlesex,14,,
272,North Reading,2170000,Cape Ann,North Reading,Middlesex,,,
273,Northampton,2100000,Pioneer Valley,Northampton,Hampshire,9,,
274,Northampton-Smith Vocational Agricultural,4060000,NA,Northampton,Hampshire,16,,
275,Northboro-Southboro,7300000,NA,Southborough,Worcester,,,
276,Northborough,2130000,Midland Wachusett,Southborough,Worcester,5,,
277,Northbridge,2140000,South Worcester,Whitinsville,Worcester,,,
278,Northeast Metropolitan Regional Vocational Technical,8530000,NA,Wakefield,Middlesex,16,,
279,Northern Berkshire Regional Vocational Technical,8510000,NA,North Adams,Berkshire,,,
280,Norton,2180000,Tri-Valley,Norton,Bristol,9,14,
281,Norwell,2190000,South Shore,Norwell,Plymouth,,,
282,Norwood,2200000,Bay State,Norwood,Norfolk,11,,
283,Oak Bluffs,2210000,Cape and Islands,Vineyard Haven,Dukes,,,
284,Old Colony Regional Vocational Technical,8550000,Mayflower,Rochester,Plymouth,,,
285,Old Rochester,7400000,South Coast,Mattapoisett,Plymouth,,,
286,Old Sturbridge Academy Charter Public School (District),35150000,NA,Sturbridge,Worcester,,,
287,Orange,2230000,NA,Orange,Franklin,10,,
288,Orleans,2240000,NA,Orleans,Barnstable,,,
289,Oxford,2260000,South Worcester,Oxford,Worcester,,,
290,Palmer,2270000,Pioneer Valley,Palmer,Hampden,17,,
291,Pathfinder Regional Vocational Technical,8600000,Pioneer Valley,Palmer,Hampden,,,
292,Paulo Freire Social Justice Charter School (District),35010000,Pioneer Valley,Holyoke,Hampden,,,
293,Peabody,2290000,Northeastern,Peabody,Essex,19,,
294,Pelham,2300000,NA,Pelham,Hampshire,,,
295,Pembroke,2310000,Patriot,Pembroke,Plymouth,,,
296,Pentucket,7450000,Cape Ann,West Newbury,Essex,,,
297,Petersham,2340000,NA,Petersham,Worcester,,,
298,Phoenix Academy Public Charter High School Lawrence (District),35180000,NA,Lawrence,Essex,,,
299,Phoenix Academy Public Charter High School Springfield (District),35080000,NA,Springfield,Hampden,,,
300,Phoenix Charter Academy (District),4930000,Worcester County Athletic Conf,Chelsea,Suffolk,,,
301,Pioneer Charter School of Science (District),4940000,NA,Everett,Middlesex,1,18,
302,Pioneer Charter School of Science II (PCSS-II) (District),35060000,NA,Saugus,Essex,,,
303,Pioneer Valley,7500000,Pioneer Valley,Northfield,Franklin,9,,
304,Pioneer Valley Chinese Immersion Charter (District),4970000,Pioneer Valley,Hadley,Hampshire,6,,
305,Pioneer Valley Performing Arts Charter Public (District),4790000,NA,South Hadley,Hampshire,,,
306,Pittsfield,2360000,Berkshire County,Pittsfield,Berkshire,,,
307,Plainville,2380000,NA,Plainville,Norfolk,10,,
308,Plymouth,2390000,Patriot,Plymouth,Plymouth,,,
309,Plympton,2400000,NA,Kingston,Plymouth,,,
310,Prospect Hill Academy Charter (District),4870000,NA,Cambridge,Middlesex,1,18,
311,Provincetown,2420000,NA,Provincetown,Barnstable,8,,
312,Quabbin,7530000,Midland Wachusett,Barre,Worcester,,,
313,Quaboag Regional,7780000,South Worcester,Warren,Worcester,,,
314,Quincy,2430000,Boston City,Quincy,Norfolk,,,
315,Ralph C Mahar,7550000,NA,Orange,Franklin,3,,
316,Randolph,2440000,South Shore,Randolph,Norfolk,,,
317,Reading,2460000,Middlesex,Reading,Middlesex,,,
318,Revere,2480000,Northeastern,Revere,Suffolk,,,
319,Richmond,2490000,NA,Richmond,Berkshire,,,
320,Rising Tide Charter Public (District),4830000,Cape and Islands,Plymouth,Plymouth,6,,
321,River Valley Charter (District),4820000,NA,Newburyport,Essex,,,
322,Rochester,2500000,NA,Mattapoisett,Plymouth,,,
323,Rockland,2510000,South Shore,Rockland,Plymouth,,,
324,Rockport,2520000,Cape Ann,Rockport,Essex,,,
325,Rowe,2530000,NA,Rowe,Franklin,,,
326,Roxbury Preparatory Charter (District),4840000,Independent - District B,Roxbury,Suffolk,1,18,
327,Sabis International Charter (District),4410000,Pioneer Valley,Springfield,Hampden,1,,
328,Salem,2580000,Northeastern,Salem,Essex,,,
329,Salem Academy Charter (District),4850000,NA,Salem,Essex,3,,
330,Sandwich,2610000,Atlantic Coast,Sandwich,Barnstable,14,,
331,Saugus,2620000,Northeastern,Saugus,Essex,7,,
332,Savoy,2630000,NA,Savoy,Berkshire,,,
333,Scituate,2640000,Patriot,Scituate,Plymouth,,,
334,Seekonk,2650000,South Coast,Seekonk,Bristol,,,
335,Sharon,2660000,Hockomock,Sharon,Norfolk,4,13,
336,Shawsheen Valley Regional Vocational Technical,8710000,Commonwealth,Billerica,Middlesex,,,
337,Sherborn,2690000,NA,Dover,Norfolk,,,
338,Shrewsbury,2710000,Midland Wachusett,Shrewsbury,Worcester,,13,
339,Shutesbury,2720000,NA,Erving,Franklin,,,
340,Silver Hill Horace Mann Charter (District),4770000,NA,Haverhill,Essex,,,
341,Silver Lake,7600000,Patriot,Kingston,Plymouth,,,
342,Sizer School: A North Central Charter Essential (District),4740000,NA,Fitchburg,Worcester,3,,
343,Somerset,2730000,NA,Somerset,Bristol,5,,
344,Somerset Berkley Regional School District,7630000,South Coast,Somerset,Bristol,,,
345,Somerville,2740000,Northeastern,Somerville,Middlesex,,,
346,South Hadley,2780000,Pioneer Valley,South Hadley,Hampshire,9,11,
347,South Middlesex Regional Vocational Technical,8290000,NA,Framingham,Middlesex,16,,
348,South Shore Charter Public (District),4880000,NA,Norwell,Plymouth,3,,
349,South Shore Regional Vocational Technical,8730000,Mayflower,Hanover,Plymouth,,,
350,Southampton,2750000,NA,Southampton,Hampshire,,,
351,Southborough,2760000,NA,Southborough,Worcester,5,,
352,Southbridge,2770000,South Worcester,Southbridge,Worcester,,,
353,Southeastern Regional Vocational Technical,8720000,Mayflower,South Easton,Bristol,,,
354,Southern Berkshire,7650000,NA,Sheffield,Berkshire,21,,
355,Southern Worcester County Regional Vocational Technical,8760000,NA,Charlton,Worcester,,,
356,Southwick-Tolland-Granville Regional School District,7660000,NA,Southwick,Hampden,,,
357,Spencer-E Brookfield,7670000,NA,Spencer,Worcester,17,,
358,Springfield,2810000,Pioneer Valley,Springfield,Hampden,,,
359,Springfield International Charter (District),4410000,NA,Springfield,Hampden,1,18,
360,Springfield Preparatory Charter School (District),35100000,NA,Longmeadow,Hampden,,,
361,State Total,0000000,NA,NA,NA,,,
362,State Totals,0000000,NA,NA,NA,,,
363,Stoneham,2840000,Middlesex,Stoneham,Middlesex,14,,
364,Stoughton,2850000,Hockomock,Stoughton,Norfolk,7,19,
365,Sturbridge,2870000,NA,Fiskdale,Worcester,,,
366,Sturgis Charter Public (District),4890000,Cape and Islands,Hyannis,Barnstable,,,
367,Sudbury,2880000,NA,Sudbury,Middlesex,5,,
368,Sunderland,2890000,NA,South Deerfield,Franklin,,,
369,Sutton,2900000,Dual Valley,Sutton,Worcester,,,
370,Swampscott,2910000,Northeastern,Swampscott,Essex,15,,
371,Swansea,2920000,NA,Swansea,Bristol,20,,
372,Tantasqua,7700000,South Worcester,Fiskdale,Worcester,20,,
373,Taunton,2930000,Hockomock,Taunton,Bristol,,,
374,TEC Connections Academy Commonwealth Virtual School District,39020000,NA,East Walpole,Norfolk,1,18,
375,Tewksbury,2950000,Merrimack Valley,Tewksbury,Middlesex,,,
376,Tisbury,2960000,NA,Vineyard Haven,Dukes,8,,
377,Topsfield,2980000,NA,Boxford,Essex,10,,
378,Tri-County Regional Vocational Technical,8780000,Mayflower,Franklin,Franklin,,,
379,Tri-County Regional Vocational Technical,8780000,Mayflower,Franklin,Norfolk,,,
380,Triton,7730000,Cape Ann,Byfield,Essex,,,
381,Truro,3000000,NA,Truro,Barnstable,,,
382,Tyngsborough,3010000,Midland Wachusett,Tyngsborough,Middlesex,,,
383,UP Academy Charter School of Boston (District),4800000,NA,Boston,Suffolk,,,
384,UP Academy Charter School of Dorchester (District),35050000,NA,Boston,Suffolk,8,,
385,Up-Island Regional,7740000,NA,Vineyard Haven,Dukes,5,,
386,Upper Cape Cod Regional Vocational Technical,8790000,Mayflower,Bourne,Barnstable,16,,
387,Uxbridge,3040000,South Worcester,Uxbridge,Worcester,,,
388,Veritas Preparatory Charter School (District),4980000,NA,Springfield,Hampden,,,
389,Wachusett,7750000,Midland Wachusett,Jefferson,Worcester,13,,
390,Wakefield,3050000,Middlesex,Wakefield,Middlesex,,,
391,Wales,3060000,NA,Fiskdale,Worcester,,,
392,Walpole,3070000,Bay State,Walpole,Norfolk,,,
393,Waltham,3080000,Dual County,Waltham,Middlesex,19,,
394,Ware,3090000,Pioneer Valley,Ware,Hampshire,17,,
395,Wareham,3100000,South Coast,Wareham,Plymouth,17,,
396,Watertown,3140000,Middlesex,Watertown,Middlesex,,,
397,Wayland,3150000,Dual County,Wayland,Middlesex,,,
398,Webster,3160000,NA,Webster,Worcester,17,,
399,Wellesley,3170000,Bay State,Wellesley,Norfolk,,,
400,Wellfleet,3180000,NA,Orleans,Barnstable,,,
401,West Boylston,3220000,Midland Wachusett,West Boylston,Worcester,,,
402,West Bridgewater,3230000,Mayflower,West Bridgewater,Plymouth,20,,
403,West Springfield,3320000,Pioneer Valley,West Springfield,Hampden,,,
404,Westborough,3210000,Midland Wachusett,Westborough,Worcester,4,,
405,Westfield,3250000,Pioneer Valley,Westfield,Hampden,,,
406,Westford,3260000,Dual County,Westford,Middlesex,4,13,
407,Westhampton,3270000,NA,Westhampton,Hampshire,,,
408,Weston,3300000,Dual County,Weston,Middlesex,,,
409,Westport,3310000,Mayflower,Westport,Bristol,,,
410,Westwood,3350000,Tri-Valley,Westwood,Norfolk,,,
411,Weymouth,3360000,Bay State,Weymouth,Norfolk,19,,
412,Whately,3370000,NA,South Deerfield,Franklin,,,
413,Whitman-Hanson,7800000,Patriot,Whitman,Plymouth,20,,
414,Whittier Regional Vocational Technical,8850000,Commonwealth,Haverhill,Essex,16,,
415,Williamsburg,3400000,NA,Williamsburg,Hampshire,,,
416,Williamstown,3410000,NA,Williamstown,Berkshire,,,
417,Williamstown School District,NA,NA,Williamstown,Berkshire,,,
418,Wilmington,3420000,Middlesex,Wilmington,Middlesex,,,
419,Winchendon,3430000,NA,Winchendon,Worcester,17,,
420,Winchester,3440000,Middlesex,Winchester,Middlesex,13,,
421,Winthrop,3460000,Northeastern,Winthrop,Suffolk,2,7,
422,Woburn,3470000,Middlesex,Woburn,Middlesex,7,19,
423,Worcester,3480000,Colonial Athletic,Worcester,Worcester,,,
424,Worthington,3490000,NA,Worthington,Hampshire,,,
425,Wrentham,3500000,NA,Wrentham,Norfolk,10,,